[null,{"name":"pomoc","permissions":"NONE","restriction":"1","actions":[{"channel":"0","varName":"","message":"```\n!pomoc                     Pokazuje komenndy\n!podrzutporem              To jest takie podrzucenie monetą ale... \"por\" lub \"Powietrze\"\n!losowaliczba [min] [max]  Losowa liczba\n!spodnie                   Pokazuej ile masz porów\n!ruleta                    To je taka ruleta gdzie moźesz zdobyć pory albo je starcić\n\nBot napisany przez Bagieta-_-.EXE\n```\n","storage":"0","varName2":"","iffalse":"0","iffalseVal":"","name":"Send Message"}]},{"name":"SendImage","permissions":"NONE","restriction":"1","actions":[{"url":"http://i.imgur.com/WM2lj00.png","storage":"1","varName":"img","name":"Create Image"},{"storage":"1","varName":"img","channel":"0","varName2":"","message":"","name":"Send Image"}]},{"name":"SendEmoji","permissions":"NONE","restriction":"1","actions":[{"channel":"0","varName":"","message":"To send emojis, all you must do is: `:emoji-name:`\n\n:smile: :thumbsup:","storage":"0","varName2":"","name":"Send Message"}]},{"name":"podrzutporem","permissions":"NONE","restriction":"1","actions":[{"storage":"1","varName":"result","min":"1","max":"2","name":"Generate Random Number"},{"storage":"1","varName":"result","comparison":"1","value":"1","iftrue":"0","iftrueVal":"","iffalse":"3","iffalseVal":"2","name":"Check Variable"},{"channel":"0","varName":"","message":"Por","storage":"0","varName2":"","iffalse":"0","iffalseVal":"","name":"Send Message"},{"name":"End Action Sequence"},{"channel":"0","varName":"","message":"Powietrze","storage":"0","varName2":"","iffalse":"0","iffalseVal":"","name":"Send Message"}]},{"name":"losowaliczba","permissions":"NONE","restriction":"1","actions":[{"condition":"0","comparison":"0","value":"2","iftrue":"3","iftrueVal":"2","iffalse":"0","iffalseVal":"","name":"Check Parameters"},{"channel":"0","varName":"","message":"```\nWybierz minimum i maksiumum liczby:\n!LosowaLiczba [min-liczba] [max-liczba]\n```","storage":"0","varName2":"","iffalse":"0","iffalseVal":"","name":"Send Message"},{"name":"End Action Sequence"},{"info":"0","infoIndex":"1","storage":"1","varName":"min","name":"Store Command Params"},{"info":"0","infoIndex":"2","storage":"1","varName":"max","name":"Store Command Params"},{"storage":"1","varName":"result","min":"${tempVars(\"min\")}","max":"${tempVars(\"max\")}","name":"Generate Random Number"},{"channel":"0","varName":"","message":"To jest tfoja liczba: ${tempVars(\"result\")}!","storage":"0","varName2":"","iffalse":"0","iffalseVal":"","name":"Send Message"}]},{"name":"pory","permissions":"NONE","restriction":"1","actions":[{"member":"1","varName":"","dataName":"gold","defaultVal":"0","storage":"1","varName2":"myGold","name":"Store Member Data"},{"channel":"0","varName":"","message":"${member}, masz ${tempVars(\"myGold\")} porów.","storage":"0","varName2":"","iffalse":"0","iffalseVal":"","name":"Send Message"}]},{"name":"ruleta","permissions":"NONE","restriction":"1","actions":[{"member":"1","varName":"","dataName":"","defaultVal":"0","storage":"1","varName2":"","name":"Store Member Data"},{"storage":"1","varName":"result","min":"1","max":"22","name":"Generate Random Number"},{"storage":"1","varName":"result","changeType":"1","value":"-6","name":"Control Variable"},{"storage":"1","varName":"result","comparison":"1","value":"0","iftrue":"0","iftrueVal":"","iffalse":"3","iffalseVal":"2","name":"Check Variable"},{"channel":"0","varName":"","message":"${member}, Nie dostales porów ani nie straciłes.","storage":"0","varName2":"","iffalse":"0","iffalseVal":"","name":"Send Message"},{"name":"End Action Sequence"},{"storage":"1","varName":"result","comparison":"4","value":"0","iftrue":"0","iftrueVal":"","iffalse":"3","iffalseVal":"3","name":"Check Variable"},{"channel":"0","varName":"","message":"${member}, Wygrales ${tempVars(\"result\")} pory!","storage":"0","varName2":"","iffalse":"0","iffalseVal":"","name":"Send Message"},{"member":"1","varName":"","dataName":"gold","changeType":"1","value":"tempVars(\"result\")","name":"Control Member Data"},{"name":"End Action Sequence"},{"storage":"1","varName":"result","comparison":"3","value":"0","iftrue":"0","iftrueVal":"","iffalse":"1","iffalseVal":"","name":"Check Variable"},{"channel":"0","varName":"","message":"${member}, Straciles ${-tempVars(\"result\")} porów...","storage":"0","varName2":"","iffalse":"0","iffalseVal":"","name":"Send Message"},{"member":"1","varName":"","dataName":"gold","changeType":"1","value":"tempVars(\"result\")","name":"Control Member Data"},{"member":"1","varName":"","dataName":"gold","comparison":"3","value":"0","iftrue":"0","iftrueVal":"","iffalse":"1","iffalseVal":"","name":"Check Member Data"},{"member":"1","varName":"","dataName":"gold","changeType":"0","value":"0","name":"Control Member Data"}]},{"name":"NewCommand","permissions":"MUTE_MEMBERS","restriction":"1","actions":[{"gameName":"!pomoc - Lista komand","gameLink":"","name":"Set Bot Game"}]},{"name":"rola","permissions":"ADMINISTRATOR","restriction":"1","actions":[{"storage":"0","varName":"rola","emoji":"4","varName2":"😀","varName3":"","name":"Add Reaction"},{"member":"0","varName":"","reaction":"1","varName2":"${member}","iftrue":"0","iftrueVal":"","iffalse":"1","iffalseVal":"","name":"Check If User Reacted"},{"channel":"0","varName":"","message":"Udalo","storage":"0","varName2":"","iffalse":"0","iffalseVal":"","name":"Send Message"}]},{"name":"daj","permissions":"ADMINISTRATOR","restriction":"1","actions":[{"member":"0","varName":"","dataName":"","defaultVal":"0","storage":"1","varName2":"","name":"Store Member Data"},{"member":"1","varName":"","dataName":"gold","changeType":"1","value":"999","name":"Control Member Data"}]},{"name":"wycisz","permissions":"MUTE_MEMBERS","restriction":"1","actions":[{"condition":"1","comparison":"0","value":"1","iftrue":"3","iftrueVal":"2","iffalse":"0","iffalseVal":"","name":"Check Parameters"},{"channel":"0","varName":"","message":"```\nUżyj komendy tak!\n!wycisz [@user]\n```","storage":"0","varName2":"","iffalse":"0","iffalseVal":"","name":"Send Message"},{"name":"End Action Sequence"},{"member":"0","varName":"","mute":"0","name":"Set Member Mute"}]}]